feature,importance
F3912,173238.82368748524
F3898,37366.502690446374
F3914,28158.38799984455
F3240,10764.200508356094
F3799,3712.0337720766665
F3348,3268.221131181717
F1968,2696.6944979906084
F1165,2202.6024899806825
F364,1879.236993455887
F1813,1548.6799761652946
F1166,1234.0233868807322
F2581,1141.008861541748
F3805,1140.5709010038524
F1685,1136.7318412780762
F2140,1116.325622650981
F3536,836.3780636027456
F1921,825.946635054797
F781,733.9105150364339
F3143,707.1195718765259
F3839,690.8384684830904
F2009,622.4641681671143
F1057,586.9071010261774
F3748,546.0604665264487
F1919,481.866015625
F3640,476.7009750366211
F301,415.3376098632813
F997,409.23084325790404
F2182,405.75297639369967
F2889,397.2044210910797
F3811,384.7244018793106
F1922,346.7812002182007
F3351,344.63992285728455
F950,329.3349500656128
F3574,304.172562789917
F3487,262.7451893568039
F2139,236.0673082899535
F326,199.98144900724293
F2894,194.10100423097612
F366,192.92389993667604
F3643,191.72321190238
F3105,184.48871306926011
F3575,184.20800170898437
F2008,169.2536865234375
F1489,138.39346237182616
F2527,131.80360107421876
F3634,128.0945464121818
F3672,123.26647152900696
F3495,119.84537925720215
F3644,118.39428625106811
F2484,117.07629928588867
F61,116.62090478241444
F3534,108.65809054374695
F573,108.29640391021967
F3144,108.05526084899903
F3532,107.65627827048301
F2076,101.8966162417084
F3804,100.76322135925292
F2145,100.67363872528077
F1750,98.73790855407715
F2583,93.39309768676758
F1927,89.40419921875
F3887,87.8166603088379
F2038,84.03346163034439
F1928,83.97999877929688
F3526,81.73527821991593
F1321,81.42643828392029
F571,77.00121862888336
F3810,69.68805921077728
F2891,63.742944419384
F2681,62.530660247802736
F3798,59.1569943651557
F1755,58.60789558216929
F1710,58.41935634613037
F2290,58.213601684570314
F3750,57.83374401032925
F3106,53.97782822847366
F2586,53.87913153767586
F2534,52.567938500642775
F1920,52.2
F3808,52.00826091766358
F2890,51.331924366950986
F1323,50.62270259857178
F3919,50.047428488731384
F1815,48.70999227538705
F3099,47.551920318603514
F3812,45.89940690994263
F2950,45.05870596766472
F1647,44.87917528152466
F3842,44.16700540184975
F429,44.03479995727539
F2486,42.47630200982094
F3865,36.435400390625
F2535,36.14931514263153
F2040,34.67681884765625
F3832,33.69608814865351
F2150,33.49219970703125
F3535,32.62073331624269
F2849,31.457399940490724
F2149,31.19739990234375
F369,30.395413166284563
F2635,30.007963441312313
F3104,29.755419921875
F3708,29.089965891838073
F3714,28.704679870605467
F1819,28.151416013739073
F3813,26.8236528493464
F3841,25.378005865961313
F466,24.417164468765257
F2137,23.529268259555103
F2782,22.019436144828795
F1933,21.518400573730467
F3635,20.80510005950928
F2146,20.560324001312257
F1246,20.181882175430655
F2034,18.77771450281143
F1926,18.219901820272206
F3059,18.057382065057755
F2842,17.72855987548828
F3751,17.309735858440398
F1045,17.061772060394286
F3801,17.018377991020678
F3802,16.772947907447815
F1594,16.644780158996582
F3348_missing,16.39162130355835
F1279,16.195812773704528
F3845,15.995802283287048
F1932,15.535159683227539
F3831,15.401815144717693
F267,15.14031982421875
F59,15.089300537109375
F3807,14.759567270055413
F1863,14.61744445487857
F2344,14.604219245910645
F2957,14.462577760219574
F999,14.204699262976646
F156,14.173956996947528
F2485,14.074380493164062
F3711,13.226370279490947
F2074,13.208996744453907
F2637,13.078494630008937
F3395,13.055539047718048
F2489,13.026350208558142
F2388,12.92657196521759
F114,12.68458945006132
F3642,12.27821384370327
F367,11.396080017089844
F2032,11.132448029518127
F1708,11.038185834884644
F2645,10.946225393377244
F3595,10.782300186157226
F3102,10.689720153808594
F3493,10.649720376357436
F1925,10.499606919288635
F196_missing,10.361419677734375
F3243,10.278896236419678
F3537,10.101896953582763
F1153,9.946573033928871
F1177,9.604560089111327
F3840,9.395356927532703
F1429,9.131244134902953
F567,8.792450141906738
F160,8.717568469047546
F1477,8.52617243528366
F1707,8.416147994995118
F1814,8.296076107025147
F265,8.194788026809693
F2684,8.157878112792968
F3835,7.966423140466214
F2184,7.906283757090568
F2893,7.712779998779297
F3749,7.533333817124367
F3754,7.402788066864014
F470,7.21676197052002
F1597,6.978458654880524
F2997,6.890404129028321
F1431,6.856719970703125
F2852,6.684980010986328
F2647,6.626119995117188
F2787,6.61018009185791
F3838,6.566588515043259
F3851,6.545339965820313
F1598,6.509918373823166
F469,6.485680007934571
F3136,6.456879997253418
F2643,6.08991003036499
F1640,6.048167421668768
F435,5.839100074768067
F3489,5.811539936065674
F2077,5.773190212249756
F3600,5.48706038761884
F3796,5.412359380722046
F3492,5.3976818978786465
F3146,5.291360092163086
F3062,5.278972244262695
F2883,5.179819965362549
F673,5.0978601455688475
F1858,5.090633350610733
F423,5.023104095458985
F1281,4.942898577032611
F2350,4.9346160054206845
F598,4.893160057067871
F3843,4.863402962684631
F1753,4.856765925884247
F2892,4.838919830322266
F1381,4.773992474516854
F1105,4.773858070373535
F3147,4.763000106811523
F422,4.755929649583413
F2886,4.7103521704673765
F996,4.7102001190185545
F3834,4.6480135262012485
F3822,4.608900371566415
F1713,4.564502488821745
F145,4.5091593459248545
F2142,4.441389275714755
F268,4.292200088500977
F1702,4.162025904655456
F1923,4.043169806525111
F949,3.988034248352051
F2185,3.9855161249637603
F2825,3.9375
F3753,3.891027018427849
F2785,3.884706063568592
F259,3.8823126196861266
F2079,3.793899917602539
F120,3.7399722218513487
F1602,3.7023799419403076
F2845,3.6752601623535157
F531,3.618684529047459
F2999,3.5892220437526703
F1107,3.5163080215454103
F3806,3.3744600296020506
F1894,3.2933238983154296
F3871,3.2787455728277566
F1599,3.1822885453701018
F2828,3.1473199844360353
F1043,3.134791946411133
F1818,3.1097069561481474
F3037,3.0739200592041014
F3833,2.9737077832221983
F496,2.9485079765319826
F2075,2.9467399597167967
F3056,2.912669277191162
F3486,2.8878999136388304
F1605,2.7689365565776827
F1214,2.7329599380493166
F100,2.671574020385742
F2029,2.5784794330596923
F2640,2.480500030517578
F1705,2.4451159715652464
F3395_missing,2.4135676994919777
F956,2.398098039627075
F1821,2.3444400787353517
F570,2.2995503425598143
F2639,2.2604400634765627
F3873,2.2491398259997366
F1537,2.2370059490203857
F3645,2.233773350715637
F261,2.22544002532959
F1861,2.1111440420150758
F2642,2.0801520347595215
F3103,2.0702700138092043
F1816,2.040611046552658
F568,1.907703971862793
F2641,1.9062620162963868
F2638,1.7855631947517394
F193,1.776099967956543
F3800,1.7627192258834838
F2068,1.733568000793457
F3527,1.7277112245559691
F2953,1.7227420806884766
F1867,1.6817863821983337
F379,1.6728140830993652
F196,1.6565780639648438
F1249,1.6479900360107422
F1960,1.6108579635620117
F3837,1.601279965043068
F2960,1.594182014465332
F1273,1.5805052161216735
F1172,1.5770580291748046
F2991,1.5695580005645753
F1716,1.5312800407409668
F1969,1.5009583562612534
F1608,1.4929188013076782
F3829,1.4634689576923847
F3063,1.4594614282250404
F2041,1.4524708151817323
F3488,1.4008679866790772
F3743,1.400189369916916
F3499,1.3963430315256118
F3601,1.3329439640045166
F1320,1.312596035003662
F3719,1.3049539566040038
F1609,1.2990985989570618
F3136_missing,1.2878434240818024
F3108,1.2818220138549805
F1859,1.27475004196167
F159,1.269454002380371
F1711,1.2668459847569467
F1084,1.262849998474121
F3139_missing,1.258448028564453
F141,1.2452919960021973
F411,1.2380160331726073
F408,1.2196680068969727
F1644,1.1828060150146484
F424,1.1736120223999023
F3098,1.1733960151672362
F3398_missing,1.1732079982757568
F1501,1.058609962463379
F3703,1.0428530717268587
F3908,1.0377410113811494
F1491,0.9473939895629883
F3398,0.9470533356070518
F2956,0.9450704038143158
F1167,0.9401459693908691
F3002,0.9352142125368118
F1966,0.925081992149353
F193_missing,0.9154159545898437
F3872,0.9141286071389914
F157,0.9043546169996262
F3691,0.9033959865570068
F3900,0.87122802734375
F163,0.8433071732521057
F1209,0.8328299850225449
F3003,0.8086040019989014
F3501,0.7979360103607178
F2385,0.7781750161200762
F1603,0.774424409866333
F2480,0.7737259864807129
F524,0.7707732051610947
F148,0.7638700008392334
F1752,0.7601582109928131
F3484,0.7556617027148604
F1810,0.7486259818077088
F3109,0.728918993473053
F2286,0.7226451933383942
F3498,0.71739362180233
F3066,0.6588560104370117
F3227,0.65208979845047
F2992,0.6456560134887696
F2998,0.6379699945449829
F3240_missing,0.6347520112991333
F336,0.6329576754011214
F537,0.6288316130638123
F3646,0.6211380004882813
F3596,0.6056545943021774
F2389,0.5765059947967529
F1860,0.5608006000518799
F1812,0.5602371856570244
F3094,0.5537800192832947
F3700,0.5512335866689682
F1825,0.5382760047912598
F3819,0.535777997970581
F3529,0.524045991897583
F2777,0.5108831942081451
F2780,0.5083920001983643
F1745,0.4940380096435547
F3491,0.49284160137176514
F253,0.48903598785400393
F1967,0.4886579990386963
F3907,0.4552837938070297
F3816,0.4417375989258289
F118,0.4284980058670044
F1215,0.41620597839355467
F562,0.40359379053115846
F1213,0.40233402252197265
F3093,0.3860664889216423
F2776,0.3713299989700317
F563,0.34273180961608884
F1285,0.3408582091331482
F1490,0.34024200439453123
F471,0.3268123999238014
F3830,0.3078289985656738
F2141,0.3060717970132828
F2595,0.29282000064849856
F2735,0.28789580464363096
F957,0.2850059986114502
F2136,0.2790067598223686
F1171,0.27215260863304136
F525,0.26364400386810305
F2147,0.25800600051879885
F3825,0.2573915958404541
F260,0.2540504038333893
F2995,0.25180199146270754
F115,0.2506162017583847
F2030,0.2478019952774048
F256,0.24005000591278075
F368,0.23906199932098388
F365,0.23638999462127686
F3722_missing,0.23429598808288574
F2683,0.2329864025115967
F2035,0.2199700117111206
F1393,0.21417999267578125
F116,0.2103559970855713
F3814,0.2074832409620285
F1824,0.20109579861164092
F510,0.19801719784736632
F1387,0.1962425947189331
F2543,0.19433860182762147
F3230,0.18434519767761232
F126,0.18001940250396728
F2738,0.17849953083223227
F2037,0.1750522442162037
F1929,0.1713864028453827
F1820,0.1678727984428406
F3888_days_old,0.16503180265426637
F2134,0.16010940074920654
F2491,0.15704724490642546
F3820,0.155692195892334
F2291,0.1494189977645874
F2387,0.14938358217477798
F2651,0.14913367852568626
F3828,0.14526000022888183
F2380,0.14117439985275268
F1570,0.13857959508895873
F3803,0.13851300477981568
F2328_missing,0.13717199563980104
F26,0.13575680255889894
F2686,0.1344473570585251
F2349,0.13146740198135376
F1642,0.13112840056419373
F2251,0.13087220191955568
F3704,0.13026903420686722
F454,0.13012492433190345
F3717,0.12196320295333862
F1822,0.11950360536575318
F113,0.1114501953125
F3494,0.10411360263824462
F270,0.10283655179664493
F457,0.10244059562683105
F1971,0.10093740224838257
F327,0.09751219749450683
F3112,0.09533900022506714
F3826,0.09138355925679206
F3815,0.09099959731101989
F320,0.08761460185050965
F2248,0.08199440240859986
F565,0.07798939943313599
F3097,0.07694222144782543
F3606,0.07652940154075623
F2737,0.07014400064945221
F2384,0.06890079975128174
F2390,0.06764037869870662
F2478,0.06564459800720215
F2327_missing,0.0630810022354126
F2479,0.06224160045385361
F3836,0.06096257902681827
F2383,0.06044059991836548
F1759,0.059170597791671754
F3115_missing,0.05906999707221985
F123,0.05221620202064514
F361,0.051115798950195315
F158,0.048106199502944945
F2582,0.047739601135253905
F1154,0.047130799293518065
F1639,0.046863201260566714
F2742,0.046756398677825925
F294,0.0431768000125885
F2740,0.043011799454689026
F150,0.04137652069330215
F1636,0.03939299881458282
F428,0.03921360075473786
F2754,0.03813740089535713
F2382,0.03701640069484711
F1651,0.032096201181411745
F1533,0.03129479885101318
F3603,0.0285178005695343
F1606,0.028218200802803038
F3650,0.028188800811767577
F3485,0.027858400344848634
F3456,0.0275083988904953
F154,0.027371400594711305
F1706,0.027071601152420043
F2342,0.02628839910030365
F262,0.02615160048007965
F1744,0.025778600573539735
F2722,0.025111600756645203
F2743,0.023043539747595786
F3609,0.02208559960126877
F2736,0.020970399677753448
F2718,0.019734999537467955
F2292,0.017805719375610353
F3719_missing,0.016690599918365478
F2537,0.016147144651040436
F2724,0.01587042063474655
F556,0.015856699645519258
F2261,0.015795080363750456
F3827,0.015423020720481873
F2481,0.015319359302520753
F147,0.013912299275398254
F2488,0.012974439561367035
F3592,0.01233976036310196
F434,0.01211031973361969
F332,0.0111251600086689
F1963,0.009889739751815795
F3894,0.009700660035014153
F2548,0.009485299885272979
F838,0.009394259750843048
F1924,0.007340099662542343
F371,0.006900919973850251
F2028,0.006551679968833923
F3735,0.005791499838232994
F2848,0.004002460092306137
F625,0.003972680121660232
F3101,0.0031376801431179046
F2386,0.0029126999899744986
F3921,0.002759139984846115
F1719,0.002714099921286106
F992,0.002608479931950569
F3821,0.0023365400731563566
F2590,0.002306560054421425
F3607,0.002184079959988594
F3599,0.0018532060086727143
F370,0.0017608659341931342
F3741,0.0014021179638803005
F3859,0.0013213180005550384
F2444,0.0012631580233573914
F2345,0.0009386640042066575
F3636,0.0007642880082130432
F2796,0.0007013259921222926
F337,0.0006996360141783952
F2794,0.0006945100147277116
F2688,0.0006809140089899301
F2687,0.00047109680017456414
F479,0.0003973179962486029
F2450,0.00035580398980528116
F2453,0.00030451600905507804
F3523,0.0
F3775,0.0
F3509,0.0
F3781,0.0
F3510,0.0
F3511,0.0
F3512,0.0
F3780,0.0
F3779,0.0
F3513,0.0
F3518,0.0
F3515,0.0
F3516,0.0
F3517,0.0
F3519,0.0
F3778,0.0
F3777,0.0
F3520,0.0
F3521,0.0
F3522,0.0
F3514,0.0
F3756,0.0
F3755,0.0
F3752,0.0
F3528,0.0
F3747,0.0
F3530,0.0
F3531,0.0
F3768,0.0
F3745,0.0
F3533,0.0
F3744,0.0
F3742,0.0
F3538,0.0
F3539,0.0
F3540,0.0
F3740,0.0
F3746,0.0
F3774,0.0
F3524,0.0
F3772,0.0
F3771,0.0
F3770,0.0
F3769,0.0
F3525,0.0
F3767,0.0
F3757,0.0
F3765,0.0
F3764,0.0
F3763,0.0
F3762,0.0
F3761,0.0
F3760,0.0
F3759,0.0
F3758,0.0
F3766,0.0
F3849,0.0
F3848,0.0
F3465,0.0
F3466,0.0
F3847,0.0
F3846,0.0
F3467,0.0
F3468,0.0
F3497,0.0
F3470,0.0
F3844,0.0
F3471,0.0
F3472,0.0
F3473,0.0
F3474,0.0
F3475,0.0
F3476,0.0
F3469,0.0
F3451,0.0
F3453,0.0
F3454,0.0
F3455,0.0
F3450,0.0
F3457,0.0
F3458,0.0
F3459,0.0
F3850,0.0
F3460,0.0
F3461,0.0
F3462,0.0
F3463,0.0
F3464,0.0
F3854,0.0
F3853,0.0
F3852,0.0
F3856,0.0
F3790,0.0
F3789,0.0
F3788,0.0
F3787,0.0
F3496,0.0
F3541,0.0
F3786,0.0
F3785,0.0
F3477,0.0
F3784,0.0
F3502,0.0
F3504,0.0
F3505,0.0
F3507,0.0
F3508,0.0
F3783,0.0
F3782,0.0
F3500,0.0
F3478,0.0
F3479,0.0
F3480,0.0
F3481,0.0
F3482,0.0
F3483,0.0
F3824,0.0
F3823,0.0
F3791,0.0
F3817,0.0
F3809,0.0
F3797,0.0
F3795,0.0
F3794,0.0
F3793,0.0
F3490,0.0
F3792,0.0
F3818,0.0
F3690,0.0
F3689,0.0
F3688,0.0
F3620,0.0
F3621,0.0
F3687,0.0
F3622,0.0
F3623,0.0
F3550,0.0
F3625,0.0
F3686,0.0
F3626,0.0
F3685,0.0
F3684,0.0
F3627,0.0
F3628,0.0
F3629,0.0
F3630,0.0
F3624,0.0
F3705,0.0
F3702,0.0
F3701,0.0
F3608,0.0
F3699,0.0
F3698,0.0
F3610,0.0
F3697,0.0
F3612,0.0
F3619,0.0
F3615,0.0
F3696,0.0
F3616,0.0
F3617,0.0
F3695,0.0
F3618,0.0
F3694,0.0
F3693,0.0
F3692,0.0
F3613,0.0
F3667,0.0
F3647,0.0
F3648,0.0
F3649,0.0
F3666,0.0
F3651,0.0
F3652,0.0
F3653,0.0
F3654,0.0
F3683,0.0
F3656,0.0
F3664,0.0
F3657,0.0
F3658,0.0
F3659,0.0
F3660,0.0
F3661,0.0
F3662,0.0
F3663,0.0
F3655,0.0
F3682,0.0
F3631,0.0
F3632,0.0
F3633,0.0
F3681,0.0
F3680,0.0
F3637,0.0
F3679,0.0
F3638,0.0
F3669,0.0
F3678,0.0
F3677,0.0
F3641,0.0
F3676,0.0
F3675,0.0
F3674,0.0
F3673,0.0
F3671,0.0
F3670,0.0
F3639,0.0
F3558,0.0
F3559,0.0
F3561,0.0
F3562,0.0
F3563,0.0
F3564,0.0
F3565,0.0
F3566,0.0
F3567,0.0
F3706,0.0
F3569,0.0
F3570,0.0
F3571,0.0
F3572,0.0
F3573,0.0
F3732,0.0
F3731,0.0
F3576,0.0
F3577,0.0
F3568,0.0
F3542,0.0
F3543,0.0
F3544,0.0
F3545,0.0
F3546,0.0
F3547,0.0
F3548,0.0
F3549,0.0
F3739,0.0
F3556,0.0
F3738,0.0
F3552,0.0
F3553,0.0
F3554,0.0
F3737,0.0
F3736,0.0
F3734,0.0
F3555,0.0
F3733,0.0
F3551,0.0
F3593,0.0
F3723,0.0
F3594,0.0
F3722,0.0
F3597,0.0
F3598,0.0
F3721,0.0
F3720,0.0
F3718,0.0
F3578,0.0
F3716,0.0
F3715,0.0
F3713,0.0
F3712,0.0
F3710,0.0
F3709,0.0
F3604,0.0
F3605,0.0
F3707,0.0
F3602,0.0
F3730,0.0
F3729,0.0
F3579,0.0
F3580,0.0
F3581,0.0
F3582,0.0
F3728,0.0
F3583,0.0
F3727,0.0
F3724,0.0
F3585,0.0
F3586,0.0
F3587,0.0
F3726,0.0
F3725,0.0
F3588,0.0
F3589,0.0
F3590,0.0
F3591,0.0
F3584,0.0
F3033,0.0
F3034,0.0
F3036,0.0
F3038,0.0
F3039,0.0
F3040,0.0
F3041,0.0
F3042,0.0
F3043,0.0
F3044,0.0
F3045,0.0
F3046,0.0
F3047,0.0
F3048,0.0
F3049,0.0
F3855,0.0
F3051,0.0
F3052,0.0
F3053,0.0
F3054,0.0
F3055,0.0
F3057,0.0
F3058,0.0
F3060,0.0
F3061,0.0
F3064,0.0
F3065,0.0
F3067,0.0
F3068,0.0
F3069,0.0
F3070,0.0
F3050,0.0
F2969,0.0
F2970,0.0
F2972,0.0
F2973,0.0
F2975,0.0
F2976,0.0
F2978,0.0
F2979,0.0
F2981,0.0
F2982,0.0
F2984,0.0
F2985,0.0
F2987,0.0
F2988,0.0
F2990,0.0
F3031,0.0
F2994,0.0
F2996,0.0
F3000,0.0
F3001,0.0
F3004,0.0
F3005,0.0
F3006,0.0
F3007,0.0
F3008,0.0
F3009,0.0
F3010,0.0
F3011,0.0
F3012,0.0
F3013,0.0
F3014,0.0
F2993,0.0
F3139,0.0
F3140,0.0
F3141,0.0
F3142,0.0
F3145,0.0
F3148,0.0
F3149,0.0
F3150,0.0
F3151,0.0
F3152,0.0
F3153,0.0
F3154,0.0
F3155,0.0
F3156,0.0
F3157,0.0
F3071,0.0
F3159,0.0
F3160,0.0
F3161,0.0
F3162,0.0
F3163,0.0
F3164,0.0
F3165,0.0
F3166,0.0
F3167,0.0
F3168,0.0
F3169,0.0
F3170,0.0
F3171,0.0
F3172,0.0
F3173,0.0
F3158,0.0
F3072,0.0
F3073,0.0
F3075,0.0
F3076,0.0
F3078,0.0
F3079,0.0
F3081,0.0
F3082,0.0
F3084,0.0
F3085,0.0
F3087,0.0
F3088,0.0
F3090,0.0
F3091,0.0
F3096,0.0
F3138,0.0
F3137,0.0
F3126,0.0
F3124,0.0
F3123,0.0
F3121,0.0
F3120,0.0
F3119,0.0
F3100,0.0
F3117,0.0
F3116,0.0
F3115,0.0
F3114,0.0
F3113,0.0
F3111,0.0
F3110,0.0
F3107,0.0
F3118,0.0
F2792,0.0
F2793,0.0
F2795,0.0
F2797,0.0
F2798,0.0
F2799,0.0
F2817,0.0
F2819,0.0
F2820,0.0
F2822,0.0
F2823,0.0
F2826,0.0
F2829,0.0
F2830,0.0
F2831,0.0
F2967,0.0
F2833,0.0
F2834,0.0
F2835,0.0
F2837,0.0
F2838,0.0
F2840,0.0
F2841,0.0
F2843,0.0
F2844,0.0
F2846,0.0
F2847,0.0
F2850,0.0
F2851,0.0
F2853,0.0
F2854,0.0
F2832,0.0
F2739,0.0
F2741,0.0
F2744,0.0
F2745,0.0
F2746,0.0
F2747,0.0
F2748,0.0
F2749,0.0
F2750,0.0
F2751,0.0
F2752,0.0
F2755,0.0
F2757,0.0
F2758,0.0
F2760,0.0
F2791,0.0
F2790,0.0
F2789,0.0
F2788,0.0
F2786,0.0
F2784,0.0
F2783,0.0
F2781,0.0
F2761,0.0
F2778,0.0
F2773,0.0
F2770,0.0
F2769,0.0
F2767,0.0
F2766,0.0
F2764,0.0
F2763,0.0
F2779,0.0
F2925,0.0
F2927,0.0
F2928,0.0
F2930,0.0
F2931,0.0
F2933,0.0
F2934,0.0
F2936,0.0
F2937,0.0
F2938,0.0
F2939,0.0
F2940,0.0
F2941,0.0
F2942,0.0
F2943,0.0
F2855,0.0
F2946,0.0
F2948,0.0
F2949,0.0
F2951,0.0
F2952,0.0
F2954,0.0
F2955,0.0
F2958,0.0
F2959,0.0
F2961,0.0
F2962,0.0
F2963,0.0
F2964,0.0
F2965,0.0
F2966,0.0
F2945,0.0
F2856,0.0
F2857,0.0
F2858,0.0
F2859,0.0
F2861,0.0
F2862,0.0
F2864,0.0
F2865,0.0
F2867,0.0
F2868,0.0
F2870,0.0
F2871,0.0
F2873,0.0
F2874,0.0
F2876,0.0
F2906,0.0
F2905,0.0
F2904,0.0
F2903,0.0
F2902,0.0
F2901,0.0
F2900,0.0
F2899,0.0
F2877,0.0
F2897,0.0
F2896,0.0
F2895,0.0
F2888,0.0
F2887,0.0
F2885,0.0
F2884,0.0
F2880,0.0
F2898,0.0
F3350,0.0
F3352,0.0
F3353,0.0
F3354,0.0
F3355,0.0
F3356,0.0
F3357,0.0
F3358,0.0
F3359,0.0
F3360,0.0
F3361,0.0
F3362,0.0
F3363,0.0
F3364,0.0
F3365,0.0
F3174,0.0
F3367,0.0
F3368,0.0
F3369,0.0
F3370,0.0
F3371,0.0
F3372,0.0
F3373,0.0
F3374,0.0
F3375,0.0
F3376,0.0
F3377,0.0
F3378,0.0
F3379,0.0
F3380,0.0
F3381,0.0
F3366,0.0
F3315,0.0
F3316,0.0
F3317,0.0
F3318,0.0
F3319,0.0
F3320,0.0
F3321,0.0
F3322,0.0
F3323,0.0
F3324,0.0
F3325,0.0
F3326,0.0
F3327,0.0
F3328,0.0
F3329,0.0
F3349,0.0
F3331,0.0
F3332,0.0
F3333,0.0
F3334,0.0
F3335,0.0
F3336,0.0
F3337,0.0
F3338,0.0
F3339,0.0
F3340,0.0
F3342,0.0
F3343,0.0
F3345,0.0
F3346,0.0
F3347,0.0
F3330,0.0
F3418,0.0
F3419,0.0
F3420,0.0
F3421,0.0
F3422,0.0
F3423,0.0
F3424,0.0
F3425,0.0
F3426,0.0
F3427,0.0
F3428,0.0
F3429,0.0
F3430,0.0
F3431,0.0
F3432,0.0
F3382,0.0
F3434,0.0
F3435,0.0
F3436,0.0
F3437,0.0
F3438,0.0
F3439,0.0
F3440,0.0
F3441,0.0
F3442,0.0
F3443,0.0
F3444,0.0
F3445,0.0
F3446,0.0
F3447,0.0
F3448,0.0
F3433,0.0
F3383,0.0
F3384,0.0
F3385,0.0
F3386,0.0
F3387,0.0
F3388,0.0
F3389,0.0
F3390,0.0
F3391,0.0
F3392,0.0
F3393,0.0
F3394,0.0
F3396,0.0
F3397,0.0
F3399,0.0
F3417,0.0
F3416,0.0
F3415,0.0
F3414,0.0
F3413,0.0
F3412,0.0
F3411,0.0
F3410,0.0
F3400,0.0
F3408,0.0
F3407,0.0
F3406,0.0
F3405,0.0
F3404,0.0
F3403,0.0
F3402,0.0
F3401,0.0
F3409,0.0
F3210,0.0
F3211,0.0
F3212,0.0
F3213,0.0
F3214,0.0
F3215,0.0
F3216,0.0
F3217,0.0
F3218,0.0
F3219,0.0
F3220,0.0
F3221,0.0
F3222,0.0
F3223,0.0
F3224,0.0
F3314,0.0
F3226,0.0
F3228,0.0
F3229,0.0
F3231,0.0
F3232,0.0
F3234,0.0
F3235,0.0
F3237,0.0
F3238,0.0
F3239,0.0
F3241,0.0
F3242,0.0
F3244,0.0
F3245,0.0
F3246,0.0
F3225,0.0
F3175,0.0
F3176,0.0
F3177,0.0
F3178,0.0
F3180,0.0
F3181,0.0
F3183,0.0
F3184,0.0
F3185,0.0
F3186,0.0
F3187,0.0
F3188,0.0
F3189,0.0
F3190,0.0
F3191,0.0
F3209,0.0
F3208,0.0
F3207,0.0
F3206,0.0
F3205,0.0
F3204,0.0
F3203,0.0
F3202,0.0
F3192,0.0
F3200,0.0
F3199,0.0
F3198,0.0
F3197,0.0
F3196,0.0
F3195,0.0
F3194,0.0
F3193,0.0
F3201,0.0
F3281,0.0
F3282,0.0
F3283,0.0
F3284,0.0
F3285,0.0
F3286,0.0
F3288,0.0
F3289,0.0
F3291,0.0
F3292,0.0
F3293,0.0
F3294,0.0
F3295,0.0
F3296,0.0
F3297,0.0
F3247,0.0
F3299,0.0
F3300,0.0
F3301,0.0
F3302,0.0
F3303,0.0
F3304,0.0
F3305,0.0
F3306,0.0
F3307,0.0
F3308,0.0
F3309,0.0
F3310,0.0
F3311,0.0
F3312,0.0
F3313,0.0
F3298,0.0
F3248,0.0
F3249,0.0
F3250,0.0
F3251,0.0
F3252,0.0
F3253,0.0
F3254,0.0
F3255,0.0
F3256,0.0
F3257,0.0
F3258,0.0
F3259,0.0
F3260,0.0
F3261,0.0
F3262,0.0
F3280,0.0
F3279,0.0
F3278,0.0
F3277,0.0
F3276,0.0
F3275,0.0
F3274,0.0
F3273,0.0
F3263,0.0
F3271,0.0
F3270,0.0
F3269,0.0
F3268,0.0
F3267,0.0
F3266,0.0
F3265,0.0
F3264,0.0
F3272,0.0
F2663_missing,0.0
F2662_missing,0.0
F2660_missing,0.0
F2659_missing,0.0
F2657_missing,0.0
F2656_missing,0.0
F2654_missing,0.0
F2653_missing,0.0
F7_missing,0.0
F2651_missing,0.0
F2650_missing,0.0
F2648_missing,0.0
F2647_missing,0.0
F2645_missing,0.0
F2644_missing,0.0
F2642_missing,0.0
F2641_missing,0.0
F2652_missing,0.0
F2685_missing,0.0
F2684_missing,0.0
F2683_missing,0.0
F2682_missing,0.0
F2681_missing,0.0
F2680_missing,0.0
F2679_missing,0.0
F2678_missing,0.0
F2665_missing,0.0
F2676_missing,0.0
F2675_missing,0.0
F2674_missing,0.0
F2672_missing,0.0
F2671_missing,0.0
F2669_missing,0.0
F2668_missing,0.0
F2666_missing,0.0
F2677_missing,0.0
F2596_missing,0.0
F2595_missing,0.0
F2594_missing,0.0
F2593_missing,0.0
F2592_missing,0.0
F2591_missing,0.0
F2590_missing,0.0
F2589_missing,0.0
F2633_missing,0.0
F2587_missing,0.0
F2586_missing,0.0
F2585_missing,0.0
F2584_missing,0.0
F2583_missing,0.0
F2582_missing,0.0
F2581_missing,0.0
F2580_missing,0.0
F2588_missing,0.0
F2631_missing,0.0
F2630_missing,0.0
F2628_missing,0.0
F2627_missing,0.0
F2626_missing,0.0
F2625_missing,0.0
F2624_missing,0.0
F2623_missing,0.0
F2597_missing,0.0
F2621_missing,0.0
F2619_missing,0.0
F2618_missing,0.0
F2616_missing,0.0
F2615_missing,0.0
F2613_missing,0.0
F2612_missing,0.0
F2610_missing,0.0
F2598_missing,0.0
F2622_missing,0.0
F2763_missing,0.0
F2761_missing,0.0
F2760_missing,0.0
F2758_missing,0.0
F2757_missing,0.0
F2755_missing,0.0
F2754_missing,0.0
F2752_missing,0.0
F2686_missing,0.0
F2750_missing,0.0
F2749_missing,0.0
F2748_missing,0.0
F2747_missing,0.0
F2746_missing,0.0
F2745_missing,0.0
F2744_missing,0.0
F2743_missing,0.0
F2751_missing,0.0
F2787_missing,0.0
F2786_missing,0.0
F2785_missing,0.0
F2784_missing,0.0
F2783_missing,0.0
F2782_missing,0.0
F2781_missing,0.0
F2780_missing,0.0
F2764_missing,0.0
F2778_missing,0.0
F2777_missing,0.0
F2776_missing,0.0
F2773_missing,0.0
F2770_missing,0.0
F2769_missing,0.0
F2767_missing,0.0
F2766_missing,0.0
F2779_missing,0.0
F2716_missing,0.0
F2715_missing,0.0
F2713_missing,0.0
F2712_missing,0.0
F2710_missing,0.0
F2698_missing,0.0
F2697_missing,0.0
F2696_missing,0.0
F2742_missing,0.0
F2694_missing,0.0
F2693_missing,0.0
F2692_missing,0.0
F2691_missing,0.0
F2690_missing,0.0
F2689_missing,0.0
F2688_missing,0.0
F2687_missing,0.0
F2695_missing,0.0
F2741_missing,0.0
F2740_missing,0.0
F2738_missing,0.0
F2735_missing,0.0
F2733_missing,0.0
F2731_missing,0.0
F2730_missing,0.0
F2728_missing,0.0
F2717_missing,0.0
F2726_missing,0.0
F2725_missing,0.0
F2724_missing,0.0
F2723_missing,0.0
F2722_missing,0.0
F2721_missing,0.0
F2720_missing,0.0
F2719_missing,0.0
F2718_missing,0.0
F2727_missing,0.0
F2448_missing,0.0
F2447_missing,0.0
F2446_missing,0.0
F2445_missing,0.0
F2444_missing,0.0
F2443_missing,0.0
F2442_missing,0.0
F2440_missing,0.0
F2579_missing,0.0
F2435_missing,0.0
F2433_missing,0.0
F2432_missing,0.0
F2430_missing,0.0
F2429_missing,0.0
F2428_missing,0.0
F2427_missing,0.0
F2426_missing,0.0
F2437_missing,0.0
F2472_missing,0.0
F2471_missing,0.0
F2469_missing,0.0
F2468_missing,0.0
F2466_missing,0.0
F2465_missing,0.0
F2463_missing,0.0
F2462_missing,0.0
F2449_missing,0.0
F2459_missing,0.0
F2457_missing,0.0
F2456_missing,0.0
F2454_missing,0.0
F2453_missing,0.0
F2452_missing,0.0
F2451_missing,0.0
F2450_missing,0.0
F2460_missing,0.0
F2394_missing,0.0
F2393_missing,0.0
F2392_missing,0.0
F2391_missing,0.0
F2390_missing,0.0
F2389_missing,0.0
F2388_missing,0.0
F2387_missing,0.0
F2425_missing,0.0
F2385_missing,0.0
F2384_missing,0.0
F2383_missing,0.0
F2382_missing,0.0
F2381_missing,0.0
F2380_missing,0.0
F2379_missing,0.0
F2378_missing,0.0
F2386_missing,0.0
F2424_missing,0.0
F2423_missing,0.0
F2422_missing,0.0
F2421_missing,0.0
F2420_missing,0.0
F2419_missing,0.0
F2418_missing,0.0
F2417_missing,0.0
F2395_missing,0.0
F2414_missing,0.0
F2412_missing,0.0
F2402_missing,0.0
F2401_missing,0.0
F2400_missing,0.0
F2399_missing,0.0
F2398_missing,0.0
F2397_missing,0.0
F2396_missing,0.0
F2415_missing,0.0
F2549_missing,0.0
F2548_missing,0.0
F2547_missing,0.0
F2546_missing,0.0
F2545_missing,0.0
F2544_missing,0.0
F2543_missing,0.0
F2542_missing,0.0
F2475_missing,0.0
F2540_missing,0.0
F2539_missing,0.0
F2537_missing,0.0
F2534_missing,0.0
F2532_missing,0.0
F2530_missing,0.0
F2528_missing,0.0
F2527_missing,0.0
F2541_missing,0.0
F2578_missing,0.0
F2577_missing,0.0
F2576_missing,0.0
F2575_missing,0.0
F2572_missing,0.0
F2569_missing,0.0
F2568_missing,0.0
F2566_missing,0.0
F2550_missing,0.0
F2563_missing,0.0
F2562_missing,0.0
F2560_missing,0.0
F2559_missing,0.0
F2557_missing,0.0
F2556_missing,0.0
F2554_missing,0.0
F2553_missing,0.0
F2551_missing,0.0
F2565_missing,0.0
F2494_missing,0.0
F2493_missing,0.0
F2492_missing,0.0
F2491_missing,0.0
F2490_missing,0.0
F2489_missing,0.0
F2488_missing,0.0
F2487_missing,0.0
F2526_missing,0.0
F2485_missing,0.0
F2484_missing,0.0
F2483_missing,0.0
F2482_missing,0.0
F2481_missing,0.0
F2480_missing,0.0
F2479_missing,0.0
F2478_missing,0.0
F2486_missing,0.0
F2525_missing,0.0
F2524_missing,0.0
F2523_missing,0.0
F2522_missing,0.0
F2521_missing,0.0
F2519_missing,0.0
F2518_missing,0.0
F2516_missing,0.0
F2495_missing,0.0
F2513_missing,0.0
F2512_missing,0.0
F2510_missing,0.0
F2501_missing,0.0
F2500_missing,0.0
F2499_missing,0.0
F2498_missing,0.0
F2497_missing,0.0
F2496_missing,0.0
F2515_missing,0.0
F3104_missing,0.0
F3103_missing,0.0
F3102_missing,0.0
F3101_missing,0.0
F3100_missing,0.0
F3099_missing,0.0
F3098_missing,0.0
F3097_missing,0.0
F2788_missing,0.0
F3094_missing,0.0
F3093_missing,0.0
F3091_missing,0.0
F3090_missing,0.0
F3088_missing,0.0
F3087_missing,0.0
F3085_missing,0.0
F3084_missing,0.0
F3096_missing,0.0
F3124_missing,0.0
F3123_missing,0.0
F3121_missing,0.0
F3120_missing,0.0
F3119_missing,0.0
F3118_missing,0.0
F3117_missing,0.0
F3116_missing,0.0
F3105_missing,0.0
F3113_missing,0.0
F3112_missing,0.0
F3111_missing,0.0
F3110_missing,0.0
F3109_missing,0.0
F3108_missing,0.0
F3107_missing,0.0
F3106_missing,0.0
F3114_missing,0.0
F3049_missing,0.0
F3048_missing,0.0
F3047_missing,0.0
F3046_missing,0.0
F3045_missing,0.0
F3044_missing,0.0
F3043_missing,0.0
F3042_missing,0.0
F3082_missing,0.0
F3040_missing,0.0
F3039_missing,0.0
F3038_missing,0.0
F3037_missing,0.0
F3036_missing,0.0
F3034_missing,0.0
F3033_missing,0.0
F3031_missing,0.0
F3041_missing,0.0
F3081_missing,0.0
F3079_missing,0.0
F3078_missing,0.0
F3076_missing,0.0
F3075_missing,0.0
F3073_missing,0.0
F3072_missing,0.0
F3071_missing,0.0
F3050_missing,0.0
F3068_missing,0.0
F3066_missing,0.0
F3065_missing,0.0
F3063_missing,0.0
F3062_missing,0.0
F3054_missing,0.0
F3053_missing,0.0
F3052_missing,0.0
F3051_missing,0.0
F3069_missing,0.0
F3675_missing,0.0
F3672_missing,0.0
F3669_missing,0.0
F3667_missing,0.0
F3666_missing,0.0
F3664_missing,0.0
F3662_missing,0.0
F3659_missing,0.0
F3126_missing,0.0
F3617_missing,0.0
F9,0.0
F3564_missing,0.0
F3561_missing,0.0
F3559_missing,0.0
F3558_missing,0.0
F3556_missing,0.0
F3554_missing,0.0
F3620_missing,0.0
F4,0.0
F3878_missing,0.0
F3877_missing,0.0
F3855_missing,0.0
F3854_missing,0.0
F3853_missing,0.0
F3852_missing,0.0
F3851_missing,0.0
F3772_missing,0.0
F3846_missing,0.0
F3845_missing,0.0
F3844_missing,0.0
F3783_missing,0.0
F3780_missing,0.0
F1,0.0
F2,0.0
F3774_missing,0.0
F3850_missing,0.0
F3235_missing,0.0
F3234_missing,0.0
F3232_missing,0.0
F3230_missing,0.0
F3227_missing,0.0
F3188_missing,0.0
F3185_missing,0.0
F3147_missing,0.0
F3551_missing,0.0
F3145_missing,0.0
F3144_missing,0.0
F3143_missing,0.0
F3142_missing,0.0
F3141_missing,0.0
F3140_missing,0.0
F3138_missing,0.0
F3137_missing,0.0
F3146_missing,0.0
F3512_missing,0.0
F3509_missing,0.0
F3459_missing,0.0
F3456_missing,0.0
F3453_missing,0.0
F3451_missing,0.0
F3450_missing,0.0
F3448_missing,0.0
F3237_missing,0.0
F3345_missing,0.0
F3343_missing,0.0
F3342_missing,0.0
F3340_missing,0.0
F3338_missing,0.0
F3335_missing,0.0
F3296_missing,0.0
F3293_missing,0.0
F3243_missing,0.0
F3351_missing,0.0
F2874_missing,0.0
F2873_missing,0.0
F2871_missing,0.0
F2870_missing,0.0
F2868_missing,0.0
F2867_missing,0.0
F2865_missing,0.0
F2864_missing,0.0
F3014_missing,0.0
F2861_missing,0.0
F2859_missing,0.0
F2858_missing,0.0
F2857_missing,0.0
F2856_missing,0.0
F2855_missing,0.0
F2854_missing,0.0
F2853_missing,0.0
F2862_missing,0.0
F2897_missing,0.0
F2896_missing,0.0
F2895_missing,0.0
F2894_missing,0.0
F2893_missing,0.0
F2892_missing,0.0
F2891_missing,0.0
F2890_missing,0.0
F2876_missing,0.0
F2888_missing,0.0
F2887_missing,0.0
F2886_missing,0.0
F2885_missing,0.0
F2884_missing,0.0
F2883_missing,0.0
F2880_missing,0.0
F2877_missing,0.0
F2889_missing,0.0
F2825_missing,0.0
F2823_missing,0.0
F2822_missing,0.0
F2820_missing,0.0
F2819_missing,0.0
F2817_missing,0.0
F2799_missing,0.0
F2798_missing,0.0
F2852_missing,0.0
F2796_missing,0.0
F2795_missing,0.0
F2794_missing,0.0
F2793_missing,0.0
F2792_missing,0.0
F2791_missing,0.0
F2790_missing,0.0
F2789_missing,0.0
F2797_missing,0.0
F2851_missing,0.0
F2850_missing,0.0
F2849_missing,0.0
F2848_missing,0.0
F2847_missing,0.0
F2845_missing,0.0
F2842_missing,0.0
F2840_missing,0.0
F2826_missing,0.0
F2837_missing,0.0
F2835_missing,0.0
F2834_missing,0.0
F2833_missing,0.0
F2832_missing,0.0
F2831_missing,0.0
F2830_missing,0.0
F2829_missing,0.0
F2828_missing,0.0
F2838_missing,0.0
F2994_missing,0.0
F2993_missing,0.0
F2992_missing,0.0
F2991_missing,0.0
F2990_missing,0.0
F2988_missing,0.0
F2987_missing,0.0
F2985_missing,0.0
F2898_missing,0.0
F2982_missing,0.0
F2981_missing,0.0
F2979_missing,0.0
F2978_missing,0.0
F2976_missing,0.0
F2975_missing,0.0
F2973_missing,0.0
F2972_missing,0.0
F2984_missing,0.0
F3013_missing,0.0
F3012_missing,0.0
F3011_missing,0.0
F3010_missing,0.0
F3009_missing,0.0
F3008_missing,0.0
F3007_missing,0.0
F3006_missing,0.0
F2995_missing,0.0
F3004_missing,0.0
F3003_missing,0.0
F3002_missing,0.0
F3001_missing,0.0
F3000_missing,0.0
F2999_missing,0.0
F2998_missing,0.0
F2997_missing,0.0
F2996_missing,0.0
F3005_missing,0.0
F2937_missing,0.0
F2936_missing,0.0
F2934_missing,0.0
F2933_missing,0.0
F2931_missing,0.0
F2930_missing,0.0
F2928_missing,0.0
F2927_missing,0.0
F2970_missing,0.0
F2906_missing,0.0
F2905_missing,0.0
F2904_missing,0.0
F2903_missing,0.0
F2902_missing,0.0
F2901_missing,0.0
F2900_missing,0.0
F2899_missing,0.0
F2925_missing,0.0
F2969_missing,0.0
F2967_missing,0.0
F2966_missing,0.0
F2965_missing,0.0
F2963_missing,0.0
F2962_missing,0.0
F2960_missing,0.0
F2959_missing,0.0
F2938_missing,0.0
F2956_missing,0.0
F2948_missing,0.0
F2946_missing,0.0
F2945_missing,0.0
F2943_missing,0.0
F2942_missing,0.0
F2941_missing,0.0
F2940_missing,0.0
F2939_missing,0.0
F2957_missing,0.0
F212_missing,0.0
F211_missing,0.0
F210_missing,0.0
F209_missing,0.0
F208_missing,0.0
F207_missing,0.0
F206_missing,0.0
F205_missing,0.0
F2376_missing,0.0
F203_missing,0.0
F202_missing,0.0
F201_missing,0.0
F200_missing,0.0
F199_missing,0.0
F198_missing,0.0
F195_missing,0.0
F180_missing,0.0
F204_missing,0.0
F243_missing,0.0
F241_missing,0.0
F240_missing,0.0
F238_missing,0.0
F237_missing,0.0
F235_missing,0.0
F234_missing,0.0
F233_missing,0.0
F213_missing,0.0
F230_missing,0.0
F228_missing,0.0
F227_missing,0.0
F225_missing,0.0
F224_missing,0.0
F216_missing,0.0
F215_missing,0.0
F214_missing,0.0
F231_missing,0.0
F157_missing,0.0
F156_missing,0.0
F155_missing,0.0
F154_missing,0.0
F153_missing,0.0
F152_missing,0.0
F151_missing,0.0
F150_missing,0.0
F178_missing,0.0
F147_missing,0.0
F145_missing,0.0
F144_missing,0.0
F142_missing,0.0
F141_missing,0.0
F139_missing,0.0
F138_missing,0.0
F136_missing,0.0
F148_missing,0.0
F177_missing,0.0
F175_missing,0.0
F174_missing,0.0
F173_missing,0.0
F172_missing,0.0
F171_missing,0.0
F170_missing,0.0
F169_missing,0.0
F158_missing,0.0
F167_missing,0.0
F166_missing,0.0
F165_missing,0.0
F164_missing,0.0
F163_missing,0.0
F162_missing,0.0
F161_missing,0.0
F160_missing,0.0
F159_missing,0.0
F168_missing,0.0
F312_missing,0.0
F311_missing,0.0
F310_missing,0.0
F309_missing,0.0
F308_missing,0.0
F307_missing,0.0
F306_missing,0.0
F305_missing,0.0
F244_missing,0.0
F303_missing,0.0
F302_missing,0.0
F301_missing,0.0
F300_missing,0.0
F299_missing,0.0
F297_missing,0.0
F296_missing,0.0
F294_missing,0.0
F304_missing,0.0
F340_missing,0.0
F339_missing,0.0
F338_missing,0.0
F337_missing,0.0
F336_missing,0.0
F335_missing,0.0
F334_missing,0.0
F332_missing,0.0
F313_missing,0.0
F329_missing,0.0
F328_missing,0.0
F326_missing,0.0
F325_missing,0.0
F317_missing,0.0
F316_missing,0.0
F315_missing,0.0
F314_missing,0.0
F331_missing,0.0
F266_missing,0.0
F265_missing,0.0
F264_missing,0.0
F263_missing,0.0
F262_missing,0.0
F261_missing,0.0
F260_missing,0.0
F259_missing,0.0
F287_missing,0.0
F256_missing,0.0
F255_missing,0.0
F253_missing,0.0
F252_missing,0.0
F250_missing,0.0
F249_missing,0.0
F247_missing,0.0
F246_missing,0.0
F258_missing,0.0
F286_missing,0.0
F285_missing,0.0
F283_missing,0.0
F282_missing,0.0
F281_missing,0.0
F280_missing,0.0
F279_missing,0.0
F278_missing,0.0
F267_missing,0.0
F276_missing,0.0
F275_missing,0.0
F274_missing,0.0
F273_missing,0.0
F272_missing,0.0
F271_missing,0.0
F270_missing,0.0
F269_missing,0.0
F268_missing,0.0
F277_missing,0.0
F2_missing,0.0
F1_missing,0.0
F3889_type,0.0
F3889_days,0.0
F3923,0.0
F3922,0.0
F3920,0.0
F3918,0.0
F135_missing,0.0
F3916,0.0
F3915,0.0
F3913,0.0
F3910,0.0
F3909,0.0
F3906,0.0
F3905,0.0
F3904,0.0
F3917,0.0
F31_missing,0.0
F30_missing,0.0
F29_missing,0.0
F27_missing,0.0
F26_missing,0.0
F24_missing,0.0
F23_missing,0.0
F21_missing,0.0
F3_missing,0.0
F12_missing,0.0
F11_missing,0.0
F10_missing,0.0
F9_missing,0.0
F8_missing,0.0
F6_missing,0.0
F5_missing,0.0
F4_missing,0.0
F20_missing,0.0
F3878,0.0
F3877,0.0
F3876,0.0
F3875,0.0
F3874,0.0
F3870,0.0
F3869,0.0
F3868,0.0
F3903,0.0
F3866,0.0
F3864,0.0
F3863,0.0
F3862,0.0
F3861,0.0
F3860,0.0
F3858,0.0
F3857,0.0
F3867,0.0
F3902,0.0
F3901,0.0
F3899,0.0
F3897,0.0
F3896,0.0
F3895,0.0
F3893,0.0
F3892,0.0
F3879,0.0
F3890,0.0
F3889,0.0
F3886,0.0
F3885,0.0
F3884,0.0
F3883,0.0
F3882,0.0
F3881,0.0
F3880,0.0
F3891,0.0
F102_missing,0.0
F101_missing,0.0
F100_missing,0.0
F99_missing,0.0
F98_missing,0.0
F97_missing,0.0
F96_missing,0.0
F95_missing,0.0
F32_missing,0.0
F93_missing,0.0
F92_missing,0.0
F91_missing,0.0
F90_missing,0.0
F88_missing,0.0
F87_missing,0.0
F85_missing,0.0
F76_missing,0.0
F94_missing,0.0
F133_missing,0.0
F132_missing,0.0
F130_missing,0.0
F129_missing,0.0
F127_missing,0.0
F126_missing,0.0
F125_missing,0.0
F123_missing,0.0
F103_missing,0.0
F120_missing,0.0
F119_missing,0.0
F117_missing,0.0
F116_missing,0.0
F108_missing,0.0
F107_missing,0.0
F106_missing,0.0
F105_missing,0.0
F104_missing,0.0
F122_missing,0.0
F55_missing,0.0
F54_missing,0.0
F53_missing,0.0
F52_missing,0.0
F50_missing,0.0
F49_missing,0.0
F47_missing,0.0
F46_missing,0.0
F75_missing,0.0
F43_missing,0.0
F41_missing,0.0
F40_missing,0.0
F38_missing,0.0
F37_missing,0.0
F35_missing,0.0
F34_missing,0.0
F33_missing,0.0
F44_missing,0.0
F74_missing,0.0
F73_missing,0.0
F72_missing,0.0
F71_missing,0.0
F70_missing,0.0
F69_missing,0.0
F68_missing,0.0
F67_missing,0.0
F56_missing,0.0
F65_missing,0.0
F64_missing,0.0
F63_missing,0.0
F62_missing,0.0
F61_missing,0.0
F60_missing,0.0
F59_missing,0.0
F58_missing,0.0
F57_missing,0.0
F66_missing,0.0
F2240_missing,0.0
F2239_missing,0.0
F2237_missing,0.0
F2236_missing,0.0
F2235_missing,0.0
F2234_missing,0.0
F2233_missing,0.0
F2232_missing,0.0
F342_missing,0.0
F609_missing,0.0
F608_missing,0.0
F607_missing,0.0
F606_missing,0.0
F605_missing,0.0
F604_missing,0.0
F603_missing,0.0
F601_missing,0.0
F2231_missing,0.0
F2263_missing,0.0
F2262_missing,0.0
F2261_missing,0.0
F2260_missing,0.0
F2259_missing,0.0
F2258_missing,0.0
F2257_missing,0.0
F2256_missing,0.0
F2242_missing,0.0
F2254_missing,0.0
F2253_missing,0.0
F2252_missing,0.0
F2251_missing,0.0
F2250_missing,0.0
F2249_missing,0.0
F2247_missing,0.0
F2244_missing,0.0
F2255_missing,0.0
F571_missing,0.0
F570_missing,0.0
F569_missing,0.0
F568_missing,0.0
F567_missing,0.0
F566_missing,0.0
F565_missing,0.0
F564_missing,0.0
F600_missing,0.0
F562_missing,0.0
F561_missing,0.0
F559_missing,0.0
F558_missing,0.0
F556_missing,0.0
F555_missing,0.0
F553_missing,0.0
F552_missing,0.0
F563_missing,0.0
F598_missing,0.0
F591_missing,0.0
F589_missing,0.0
F588_missing,0.0
F586_missing,0.0
F585_missing,0.0
F584_missing,0.0
F583_missing,0.0
F572_missing,0.0
F581_missing,0.0
F580_missing,0.0
F579_missing,0.0
F578_missing,0.0
F577_missing,0.0
F576_missing,0.0
F575_missing,0.0
F574_missing,0.0
F573_missing,0.0
F582_missing,0.0
F2350_missing,0.0
F2349_missing,0.0
F2347_missing,0.0
F2346_missing,0.0
F2338_missing,0.0
F2336_missing,0.0
F2335_missing,0.0
F2333_missing,0.0
F2264_missing,0.0
F2331_missing,0.0
F2330_missing,0.0
F2329_missing,0.0
F2326_missing,0.0
F2324_missing,0.0
F2323_missing,0.0
F2321_missing,0.0
F2320_missing,0.0
F2332_missing,0.0
F2375_missing,0.0
F2373_missing,0.0
F2372_missing,0.0
F2370_missing,0.0
F2369_missing,0.0
F2367_missing,0.0
F2366_missing,0.0
F2364_missing,0.0
F2352_missing,0.0
F2362_missing,0.0
F2361_missing,0.0
F2359_missing,0.0
F2358_missing,0.0
F2357_missing,0.0
F2356_missing,0.0
F2355_missing,0.0
F2353_missing,0.0
F2363_missing,0.0
F2288_missing,0.0
F2287_missing,0.0
F2286_missing,0.0
F2285_missing,0.0
F2284_missing,0.0
F2283_missing,0.0
F2282_missing,0.0
F2279_missing,0.0
F2318_missing,0.0
F2275_missing,0.0
F2273_missing,0.0
F2272_missing,0.0
F2270_missing,0.0
F2269_missing,0.0
F2267_missing,0.0
F2266_missing,0.0
F2265_missing,0.0
F2276_missing,0.0
F2317_missing,0.0
F2315_missing,0.0
F2305_missing,0.0
F2304_missing,0.0
F2303_missing,0.0
F2302_missing,0.0
F2301_missing,0.0
F2300_missing,0.0
F2289_missing,0.0
F2298_missing,0.0
F2297_missing,0.0
F2296_missing,0.0
F2295_missing,0.0
F2294_missing,0.0
F2293_missing,0.0
F2292_missing,0.0
F2291_missing,0.0
F2290_missing,0.0
F2299_missing,0.0
F415_missing,0.0
F414_missing,0.0
F413_missing,0.0
F412_missing,0.0
F411_missing,0.0
F410_missing,0.0
F409_missing,0.0
F408_missing,0.0
F550_missing,0.0
F406_missing,0.0
F405_missing,0.0
F404_missing,0.0
F403_missing,0.0
F402_missing,0.0
F401_missing,0.0
F400_missing,0.0
F399_missing,0.0
F407_missing,0.0
F447_missing,0.0
F445_missing,0.0
F444_missing,0.0
F442_missing,0.0
F441_missing,0.0
F439_missing,0.0
F438_missing,0.0
F436_missing,0.0
F416_missing,0.0
F434_missing,0.0
F432_missing,0.0
F431_missing,0.0
F429_missing,0.0
F428_missing,0.0
F426_missing,0.0
F425_missing,0.0
F417_missing,0.0
F435_missing,0.0
F364_missing,0.0
F363_missing,0.0
F362_missing,0.0
F361_missing,0.0
F360_missing,0.0
F359_missing,0.0
F358_missing,0.0
F357_missing,0.0
F397_missing,0.0
F354_missing,0.0
F352_missing,0.0
F351_missing,0.0
F349_missing,0.0
F348_missing,0.0
F346_missing,0.0
F345_missing,0.0
F343_missing,0.0
F355_missing,0.0
F396_missing,0.0
F394_missing,0.0
F381_missing,0.0
F380_missing,0.0
F379_missing,0.0
F378_missing,0.0
F377_missing,0.0
F376_missing,0.0
F365_missing,0.0
F374_missing,0.0
F373_missing,0.0
F372_missing,0.0
F371_missing,0.0
F370_missing,0.0
F369_missing,0.0
F368_missing,0.0
F367_missing,0.0
F366_missing,0.0
F375_missing,0.0
F516_missing,0.0
F515_missing,0.0
F514_missing,0.0
F513_missing,0.0
F512_missing,0.0
F511_missing,0.0
F510_missing,0.0
F509_missing,0.0
F448_missing,0.0
F507_missing,0.0
F506_missing,0.0
F505_missing,0.0
F504_missing,0.0
F503_missing,0.0
F502_missing,0.0
F501_missing,0.0
F499_missing,0.0
F508_missing,0.0
F549_missing,0.0
F547_missing,0.0
F546_missing,0.0
F544_missing,0.0
F543_missing,0.0
F541_missing,0.0
F540_missing,0.0
F538_missing,0.0
F517_missing,0.0
F536_missing,0.0
F534_missing,0.0
F533_missing,0.0
F531_missing,0.0
F530_missing,0.0
F528_missing,0.0
F527_missing,0.0
F519_missing,0.0
F518_missing,0.0
F537_missing,0.0
F469_missing,0.0
F468_missing,0.0
F467_missing,0.0
F466_missing,0.0
F465_missing,0.0
F464_missing,0.0
F463_missing,0.0
F462_missing,0.0
F498_missing,0.0
F460_missing,0.0
F459_missing,0.0
F457_missing,0.0
F456_missing,0.0
F454_missing,0.0
F453_missing,0.0
F451_missing,0.0
F450_missing,0.0
F461_missing,0.0
F496_missing,0.0
F489_missing,0.0
F487_missing,0.0
F486_missing,0.0
F484_missing,0.0
F483_missing,0.0
F482_missing,0.0
F481_missing,0.0
F470_missing,0.0
F479_missing,0.0
F478_missing,0.0
F477_missing,0.0
F476_missing,0.0
F475_missing,0.0
F474_missing,0.0
F473_missing,0.0
F472_missing,0.0
F471_missing,0.0
F480_missing,0.0
F938,0.0
F937,0.0
F936,0.0
F935,0.0
F934,0.0
F933,0.0
F932,0.0
F3879_missing,0.0
F930,0.0
F929,0.0
F928,0.0
F927,0.0
F926,0.0
F925,0.0
F924,0.0
F923,0.0
F931,0.0
F959,0.0
F958,0.0
F955,0.0
F954,0.0
F953,0.0
F952,0.0
F951,0.0
F939,0.0
F947,0.0
F946,0.0
F945,0.0
F944,0.0
F943,0.0
F942,0.0
F941,0.0
F940,0.0
F948,0.0
F904,0.0
F903,0.0
F902,0.0
F901,0.0
F900,0.0
F899,0.0
F898,0.0
F922,0.0
F896,0.0
F895,0.0
F894,0.0
F893,0.0
F892,0.0
F891,0.0
F890,0.0
F889,0.0
F897,0.0
F921,0.0
F920,0.0
F919,0.0
F918,0.0
F917,0.0
F916,0.0
F915,0.0
F905,0.0
F913,0.0
F912,0.0
F911,0.0
F910,0.0
F909,0.0
F908,0.0
F907,0.0
F906,0.0
F914,0.0
F1015,0.0
F1014,0.0
F1013,0.0
F1012,0.0
F1011,0.0
F1010,0.0
F1009,0.0
F960,0.0
F1007,0.0
F1006,0.0
F1005,0.0
F1004,0.0
F1003,0.0
F1002,0.0
F1001,0.0
F1000,0.0
F1008,0.0
F1032,0.0
F1031,0.0
F1030,0.0
F1029,0.0
F1028,0.0
F1027,0.0
F1026,0.0
F1016,0.0
F1024,0.0
F1023,0.0
F1022,0.0
F1021,0.0
F1020,0.0
F1019,0.0
F1018,0.0
F1017,0.0
F1025,0.0
F976,0.0
F975,0.0
F974,0.0
F973,0.0
F972,0.0
F971,0.0
F970,0.0
F998,0.0
F968,0.0
F967,0.0
F966,0.0
F965,0.0
F964,0.0
F963,0.0
F962,0.0
F961,0.0
F969,0.0
F995,0.0
F994,0.0
F993,0.0
F991,0.0
F990,0.0
F989,0.0
F988,0.0
F987,0.0
F977,0.0
F985,0.0
F984,0.0
F983,0.0
F982,0.0
F981,0.0
F980,0.0
F979,0.0
F978,0.0
F986,0.0
F800,0.0
F799,0.0
F798,0.0
F797,0.0
F796,0.0
F795,0.0
F794,0.0
F888,0.0
F792,0.0
F791,0.0
F790,0.0
F789,0.0
F788,0.0
F787,0.0
F786,0.0
F785,0.0
F793,0.0
F817,0.0
F816,0.0
F815,0.0
F814,0.0
F813,0.0
F812,0.0
F811,0.0
F801,0.0
F809,0.0
F808,0.0
F807,0.0
F806,0.0
F805,0.0
F804,0.0
F803,0.0
F802,0.0
F810,0.0
F765,0.0
F764,0.0
F763,0.0
F762,0.0
F761,0.0
F760,0.0
F759,0.0
F784,0.0
F757,0.0
F756,0.0
F755,0.0
F754,0.0
F753,0.0
F752,0.0
F751,0.0
F750,0.0
F758,0.0
F783,0.0
F782,0.0
F780,0.0
F779,0.0
F778,0.0
F777,0.0
F776,0.0
F766,0.0
F774,0.0
F773,0.0
F772,0.0
F771,0.0
F770,0.0
F769,0.0
F768,0.0
F767,0.0
F775,0.0
F870,0.0
F869,0.0
F868,0.0
F867,0.0
F866,0.0
F865,0.0
F864,0.0
F818,0.0
F862,0.0
F861,0.0
F860,0.0
F859,0.0
F858,0.0
F857,0.0
F856,0.0
F855,0.0
F863,0.0
F887,0.0
F886,0.0
F885,0.0
F884,0.0
F883,0.0
F882,0.0
F881,0.0
F871,0.0
F879,0.0
F878,0.0
F877,0.0
F876,0.0
F875,0.0
F874,0.0
F873,0.0
F872,0.0
F880,0.0
F834,0.0
F833,0.0
F832,0.0
F831,0.0
F830,0.0
F829,0.0
F828,0.0
F854,0.0
F826,0.0
F825,0.0
F824,0.0
F823,0.0
F822,0.0
F821,0.0
F820,0.0
F819,0.0
F827,0.0
F853,0.0
F852,0.0
F851,0.0
F850,0.0
F849,0.0
F848,0.0
F847,0.0
F846,0.0
F835,0.0
F844,0.0
F843,0.0
F842,0.0
F841,0.0
F840,0.0
F839,0.0
F837,0.0
F836,0.0
F845,0.0
F1238,0.0
F1237,0.0
F1236,0.0
F1235,0.0
F1234,0.0
F1233,0.0
F1232,0.0
F1033,0.0
F1230,0.0
F1229,0.0
F1228,0.0
F1227,0.0
F1226,0.0
F1225,0.0
F1224,0.0
F1223,0.0
F1231,0.0
F1257,0.0
F1256,0.0
F1255,0.0
F1254,0.0
F1253,0.0
F1252,0.0
F1251,0.0
F1239,0.0
F1248,0.0
F1247,0.0
F1245,0.0
F1244,0.0
F1243,0.0
F1242,0.0
F1241,0.0
F1240,0.0
F1250,0.0
F1200,0.0
F1199,0.0
F1198,0.0
F1197,0.0
F1196,0.0
F1195,0.0
F1194,0.0
F1222,0.0
F1192,0.0
F1191,0.0
F1190,0.0
F1189,0.0
F1188,0.0
F1187,0.0
F1186,0.0
F1185,0.0
F1193,0.0
F1221,0.0
F1220,0.0
F1219,0.0
F1218,0.0
F1217,0.0
F1216,0.0
F1212,0.0
F1201,0.0
F1210,0.0
F1208,0.0
F1207,0.0
F1206,0.0
F1205,0.0
F1204,0.0
F1203,0.0
F1202,0.0
F1211,0.0
F1313,0.0
F1312,0.0
F1311,0.0
F1310,0.0
F1309,0.0
F1308,0.0
F1307,0.0
F1258,0.0
F1305,0.0
F1304,0.0
F1303,0.0
F1302,0.0
F1301,0.0
F1300,0.0
F1299,0.0
F1298,0.0
F1306,0.0
F1333,0.0
F1332,0.0
F1331,0.0
F1330,0.0
F1329,0.0
F1328,0.0
F1327,0.0
F1314,0.0
F1325,0.0
F1324,0.0
F1322,0.0
F1319,0.0
F1318,0.0
F1317,0.0
F1316,0.0
F1315,0.0
F1326,0.0
F1275,0.0
F1274,0.0
F1272,0.0
F1271,0.0
F1270,0.0
F1269,0.0
F1268,0.0
F1297,0.0
F1266,0.0
F1265,0.0
F1264,0.0
F1263,0.0
F1262,0.0
F1261,0.0
F1260,0.0
F1259,0.0
F1267,0.0
F1296,0.0
F1295,0.0
F1294,0.0
F1293,0.0
F1292,0.0
F1291,0.0
F1290,0.0
F1289,0.0
F1276,0.0
F1287,0.0
F1286,0.0
F1284,0.0
F1283,0.0
F1282,0.0
F1280,0.0
F1278,0.0
F1277,0.0
F1288,0.0
F1087,0.0
F1086,0.0
F1085,0.0
F1083,0.0
F1082,0.0
F1081,0.0
F1080,0.0
F1184,0.0
F1078,0.0
F1077,0.0
F1076,0.0
F1075,0.0
F1074,0.0
F1073,0.0
F1072,0.0
F1071,0.0
F1079,0.0
F1104,0.0
F1103,0.0
F1102,0.0
F1101,0.0
F1100,0.0
F1099,0.0
F1098,0.0
F1088,0.0
F1096,0.0
F1095,0.0
F1094,0.0
F1093,0.0
F1092,0.0
F1091,0.0
F1090,0.0
F1089,0.0
F1097,0.0
F1051,0.0
F1050,0.0
F1049,0.0
F1048,0.0
F1047,0.0
F1046,0.0
F1044,0.0
F1070,0.0
F1041,0.0
F1040,0.0
F1039,0.0
F1038,0.0
F1037,0.0
F1036,0.0
F1035,0.0
F1034,0.0
F1042,0.0
F1069,0.0
F1068,0.0
F1067,0.0
F1066,0.0
F1065,0.0
F1064,0.0
F1063,0.0
F1052,0.0
F1061,0.0
F1060,0.0
F1059,0.0
F1058,0.0
F1056,0.0
F1055,0.0
F1054,0.0
F1053,0.0
F1062,0.0
F1160,0.0
F1159,0.0
F1158,0.0
F1157,0.0
F1156,0.0
F1155,0.0
F1152,0.0
F1106,0.0
F1150,0.0
F1149,0.0
F1148,0.0
F1147,0.0
F1146,0.0
F1145,0.0
F1144,0.0
F1143,0.0
F1151,0.0
F1183,0.0
F1182,0.0
F1181,0.0
F1180,0.0
F1179,0.0
F1178,0.0
F1176,0.0
F1161,0.0
F1174,0.0
F1173,0.0
F1170,0.0
F1169,0.0
F1168,0.0
F1164,0.0
F1163,0.0
F1162,0.0
F1175,0.0
F1123,0.0
F1122,0.0
F1121,0.0
F1120,0.0
F1119,0.0
F1118,0.0
F1117,0.0
F1142,0.0
F1115,0.0
F1114,0.0
F1113,0.0
F1112,0.0
F1111,0.0
F1110,0.0
F1109,0.0
F1108,0.0
F1116,0.0
F1141,0.0
F1140,0.0
F1139,0.0
F1138,0.0
F1137,0.0
F1136,0.0
F1135,0.0
F1134,0.0
F1124,0.0
F1132,0.0
F1131,0.0
F1130,0.0
F1129,0.0
F1128,0.0
F1127,0.0
F1126,0.0
F1125,0.0
F1133,0.0
F271,0.0
F269,0.0
F266,0.0
F264,0.0
F263,0.0
F258,0.0
F255,0.0
F749,0.0
F250,0.0
F249,0.0
F247,0.0
F246,0.0
F244,0.0
F243,0.0
F241,0.0
F240,0.0
F252,0.0
F297,0.0
F296,0.0
F287,0.0
F286,0.0
F285,0.0
F283,0.0
F282,0.0
F272,0.0
F280,0.0
F279,0.0
F278,0.0
F277,0.0
F276,0.0
F275,0.0
F274,0.0
F273,0.0
F281,0.0
F219,0.0
F218,0.0
F217,0.0
F216,0.0
F215,0.0
F214,0.0
F213,0.0
F238,0.0
F211,0.0
F210,0.0
F209,0.0
F208,0.0
F207,0.0
F206,0.0
F205,0.0
F204,0.0
F212,0.0
F237,0.0
F235,0.0
F234,0.0
F233,0.0
F232,0.0
F231,0.0
F230,0.0
F220,0.0
F228,0.0
F227,0.0
F226,0.0
F225,0.0
F224,0.0
F223,0.0
F222,0.0
F221,0.0
F229,0.0
F372,0.0
F363,0.0
F362,0.0
F360,0.0
F359,0.0
F358,0.0
F357,0.0
F299,0.0
F354,0.0
F352,0.0
F351,0.0
F349,0.0
F348,0.0
F346,0.0
F345,0.0
F343,0.0
F355,0.0
F404,0.0
F403,0.0
F402,0.0
F401,0.0
F400,0.0
F399,0.0
F397,0.0
F373,0.0
F394,0.0
F381,0.0
F380,0.0
F378,0.0
F377,0.0
F376,0.0
F375,0.0
F374,0.0
F396,0.0
F316,0.0
F315,0.0
F314,0.0
F313,0.0
F312,0.0
F311,0.0
F310,0.0
F342,0.0
F308,0.0
F307,0.0
F306,0.0
F305,0.0
F304,0.0
F303,0.0
F302,0.0
F300,0.0
F309,0.0
F340,0.0
F339,0.0
F338,0.0
F335,0.0
F334,0.0
F333,0.0
F331,0.0
F330,0.0
F317,0.0
F328,0.0
F325,0.0
F324,0.0
F323,0.0
F322,0.0
F321,0.0
F319,0.0
F318,0.0
F329,0.0
F57,0.0
F56,0.0
F55,0.0
F54,0.0
F53,0.0
F52,0.0
F50,0.0
F203,0.0
F47,0.0
F46,0.0
F44,0.0
F43,0.0
F41,0.0
F40,0.0
F38,0.0
F37,0.0
F49,0.0
F76,0.0
F75,0.0
F74,0.0
F73,0.0
F72,0.0
F71,0.0
F70,0.0
F58,0.0
F68,0.0
F67,0.0
F66,0.0
F65,0.0
F64,0.0
F63,0.0
F62,0.0
F60,0.0
F69,0.0
F16,0.0
F15,0.0
F14,0.0
F13,0.0
F12,0.0
F11,0.0
F10,0.0
F35,0.0
F3775_missing,0.0
F3777_missing,0.0
F24,0.0
F3567_missing,0.0
F8,0.0
F7,0.0
F6,0.0
F5,0.0
F3,0.0
F34,0.0
F33,0.0
F32,0.0
F31,0.0
F30,0.0
F29,0.0
F28,0.0
F17,0.0
F25,0.0
F3892_missing,0.0
F23,0.0
F22,0.0
F21,0.0
F20,0.0
F19,0.0
F18,0.0
F27,0.0
F167,0.0
F166,0.0
F165,0.0
F164,0.0
F162,0.0
F161,0.0
F155,0.0
F85,0.0
F152,0.0
F151,0.0
F144,0.0
F142,0.0
F139,0.0
F138,0.0
F136,0.0
F135,0.0
F153,0.0
F202,0.0
F201,0.0
F200,0.0
F199,0.0
F198,0.0
F195,0.0
F180,0.0
F168,0.0
F177,0.0
F175,0.0
F174,0.0
F173,0.0
F172,0.0
F171,0.0
F170,0.0
F169,0.0
F178,0.0
F104,0.0
F103,0.0
F102,0.0
F101,0.0
F99,0.0
F98,0.0
F97,0.0
F133,0.0
F95,0.0
F94,0.0
F93,0.0
F92,0.0
F91,0.0
F90,0.0
F88,0.0
F87,0.0
F96,0.0
F132,0.0
F130,0.0
F129,0.0
F127,0.0
F125,0.0
F124,0.0
F122,0.0
F121,0.0
F105,0.0
F117,0.0
F112,0.0
F111,0.0
F110,0.0
F109,0.0
F108,0.0
F107,0.0
F106,0.0
F119,0.0
F661,0.0
F660,0.0
F659,0.0
F658,0.0
F657,0.0
F656,0.0
F655,0.0
F405,0.0
F653,0.0
F652,0.0
F651,0.0
F650,0.0
F649,0.0
F648,0.0
F647,0.0
F646,0.0
F654,0.0
F679,0.0
F678,0.0
F677,0.0
F676,0.0
F675,0.0
F674,0.0
F672,0.0
F662,0.0
F670,0.0
F669,0.0
F668,0.0
F667,0.0
F666,0.0
F665,0.0
F664,0.0
F663,0.0
F671,0.0
F627,0.0
F626,0.0
F624,0.0
F623,0.0
F622,0.0
F621,0.0
F620,0.0
F645,0.0
F618,0.0
F617,0.0
F616,0.0
F615,0.0
F614,0.0
F613,0.0
F612,0.0
F611,0.0
F619,0.0
F644,0.0
F643,0.0
F642,0.0
F641,0.0
F640,0.0
F639,0.0
F638,0.0
F628,0.0
F636,0.0
F635,0.0
F634,0.0
F633,0.0
F632,0.0
F631,0.0
F630,0.0
F629,0.0
F637,0.0
F731,0.0
F730,0.0
F729,0.0
F728,0.0
F727,0.0
F726,0.0
F725,0.0
F680,0.0
F723,0.0
F722,0.0
F721,0.0
F720,0.0
F719,0.0
F718,0.0
F717,0.0
F716,0.0
F724,0.0
F748,0.0
F747,0.0
F746,0.0
F745,0.0
F744,0.0
F743,0.0
F742,0.0
F732,0.0
F740,0.0
F739,0.0
F738,0.0
F737,0.0
F736,0.0
F735,0.0
F734,0.0
F733,0.0
F741,0.0
F696,0.0
F695,0.0
F694,0.0
F693,0.0
F692,0.0
F691,0.0
F690,0.0
F715,0.0
F688,0.0
F687,0.0
F686,0.0
F685,0.0
F684,0.0
F683,0.0
F682,0.0
F681,0.0
F689,0.0
F714,0.0
F713,0.0
F712,0.0
F711,0.0
F710,0.0
F709,0.0
F708,0.0
F707,0.0
F697,0.0
F705,0.0
F704,0.0
F703,0.0
F702,0.0
F701,0.0
F700,0.0
F699,0.0
F698,0.0
F706,0.0
F478,0.0
F477,0.0
F476,0.0
F475,0.0
F474,0.0
F473,0.0
F472,0.0
F610,0.0
F467,0.0
F465,0.0
F464,0.0
F463,0.0
F462,0.0
F461,0.0
F460,0.0
F459,0.0
F468,0.0
F507,0.0
F506,0.0
F505,0.0
F504,0.0
F503,0.0
F502,0.0
F501,0.0
F480,0.0
F498,0.0
F489,0.0
F487,0.0
F486,0.0
F484,0.0
F483,0.0
F482,0.0
F481,0.0
F499,0.0
F426,0.0
F425,0.0
F421,0.0
F420,0.0
F419,0.0
F418,0.0
F417,0.0
F456,0.0
F415,0.0
F414,0.0
F413,0.0
F412,0.0
F410,0.0
F409,0.0
F407,0.0
F406,0.0
F416,0.0
F453,0.0
F451,0.0
F450,0.0
F448,0.0
F447,0.0
F445,0.0
F444,0.0
F427,0.0
F441,0.0
F439,0.0
F438,0.0
F436,0.0
F433,0.0
F432,0.0
F431,0.0
F430,0.0
F442,0.0
F581,0.0
F580,0.0
F579,0.0
F578,0.0
F577,0.0
F576,0.0
F575,0.0
F508,0.0
F572,0.0
F569,0.0
F566,0.0
F564,0.0
F561,0.0
F559,0.0
F558,0.0
F555,0.0
F574,0.0
F609,0.0
F608,0.0
F607,0.0
F606,0.0
F605,0.0
F604,0.0
F603,0.0
F582,0.0
F600,0.0
F591,0.0
F589,0.0
F588,0.0
F586,0.0
F585,0.0
F584,0.0
F583,0.0
F601,0.0
F527,0.0
F526,0.0
F523,0.0
F522,0.0
F521,0.0
F520,0.0
F519,0.0
F553,0.0
F517,0.0
F516,0.0
F515,0.0
F514,0.0
F513,0.0
F512,0.0
F511,0.0
F509,0.0
F518,0.0
F552,0.0
F550,0.0
F549,0.0
F547,0.0
F546,0.0
F544,0.0
F543,0.0
F541,0.0
F528,0.0
F538,0.0
F536,0.0
F535,0.0
F534,0.0
F533,0.0
F532,0.0
F530,0.0
F529,0.0
F540,0.0
F2190,0.0
F2189,0.0
F2188,0.0
F2187,0.0
F2186,0.0
F2183,0.0
F2181,0.0
F1334,0.0
F2179,0.0
F2178,0.0
F2177,0.0
F2176,0.0
F2175,0.0
F2174,0.0
F2173,0.0
F2172,0.0
F2180,0.0
F2207,0.0
F2206,0.0
F2205,0.0
F2204,0.0
F2203,0.0
F2202,0.0
F2201,0.0
F2191,0.0
F2199,0.0
F2198,0.0
F2197,0.0
F2196,0.0
F2195,0.0
F2194,0.0
F2193,0.0
F2192,0.0
F2200,0.0
F2153,0.0
F2152,0.0
F2151,0.0
F2148,0.0
F2144,0.0
F2143,0.0
F2138,0.0
F2171,0.0
F2133,0.0
F2132,0.0
F2131,0.0
F2130,0.0
F2129,0.0
F2128,0.0
F2127,0.0
F2126,0.0
F2135,0.0
F2170,0.0
F2169,0.0
F2168,0.0
F2167,0.0
F2166,0.0
F2165,0.0
F2164,0.0
F2154,0.0
F2162,0.0
F2161,0.0
F2160,0.0
F2159,0.0
F2158,0.0
F2157,0.0
F2156,0.0
F2155,0.0
F2163,0.0
F2265,0.0
F2264,0.0
F2263,0.0
F2262,0.0
F2260,0.0
F2259,0.0
F2258,0.0
F2208,0.0
F2256,0.0
F2255,0.0
F2254,0.0
F2253,0.0
F2252,0.0
F2250,0.0
F2249,0.0
F2247,0.0
F2257,0.0
F2293,0.0
F2289,0.0
F2288,0.0
F2287,0.0
F2285,0.0
F2284,0.0
F2283,0.0
F2266,0.0
F2279,0.0
F2276,0.0
F2275,0.0
F2273,0.0
F2272,0.0
F2270,0.0
F2269,0.0
F2267,0.0
F2282,0.0
F2224,0.0
F2223,0.0
F2222,0.0
F2221,0.0
F2220,0.0
F2219,0.0
F2218,0.0
F2246,0.0
F2216,0.0
F2215,0.0
F2214,0.0
F2213,0.0
F2212,0.0
F2211,0.0
F2210,0.0
F2209,0.0
F2217,0.0
F2245,0.0
F2244,0.0
F2243,0.0
F2242,0.0
F2240,0.0
F2239,0.0
F2237,0.0
F2236,0.0
F2225,0.0
F2234,0.0
F2233,0.0
F2232,0.0
F2231,0.0
F2229,0.0
F2228,0.0
F2227,0.0
F2226,0.0
F2235,0.0
F2022,0.0
F2021,0.0
F2020,0.0
F2019,0.0
F2018,0.0
F2017,0.0
F2016,0.0
F2125,0.0
F2014,0.0
F2013,0.0
F2012,0.0
F2011,0.0
F2010,0.0
F2007,0.0
F2006,0.0
F2005,0.0
F2015,0.0
F2049,0.0
F2048,0.0
F2047,0.0
F2046,0.0
F2045,0.0
F2044,0.0
F2043,0.0
F2023,0.0
F2039,0.0
F2036,0.0
F2033,0.0
F2031,0.0
F2027,0.0
F2026,0.0
F2025,0.0
F2024,0.0
F2042,0.0
F1986,0.0
F1985,0.0
F1984,0.0
F1983,0.0
F1982,0.0
F1981,0.0
F1980,0.0
F2004,0.0
F1978,0.0
F1977,0.0
F1976,0.0
F1975,0.0
F1974,0.0
F1973,0.0
F1972,0.0
F1970,0.0
F1979,0.0
F2003,0.0
F2002,0.0
F2001,0.0
F2000,0.0
F1999,0.0
F1998,0.0
F1997,0.0
F1987,0.0
F1995,0.0
F1994,0.0
F1993,0.0
F1992,0.0
F1991,0.0
F1990,0.0
F1989,0.0
F1988,0.0
F1996,0.0
F2107,0.0
F2106,0.0
F2105,0.0
F2104,0.0
F2103,0.0
F2102,0.0
F2101,0.0
F2050,0.0
F2099,0.0
F2098,0.0
F2097,0.0
F2096,0.0
F2095,0.0
F2094,0.0
F2093,0.0
F2092,0.0
F2100,0.0
F2124,0.0
F2123,0.0
F2122,0.0
F2121,0.0
F2120,0.0
F2119,0.0
F2118,0.0
F2108,0.0
F2116,0.0
F2115,0.0
F2114,0.0
F2113,0.0
F2112,0.0
F2111,0.0
F2110,0.0
F2109,0.0
F2117,0.0
F2066,0.0
F2065,0.0
F2064,0.0
F2063,0.0
F2062,0.0
F2061,0.0
F2060,0.0
F2091,0.0
F2058,0.0
F2057,0.0
F2056,0.0
F2055,0.0
F2054,0.0
F2053,0.0
F2052,0.0
F2051,0.0
F2059,0.0
F2090,0.0
F2089,0.0
F2088,0.0
F2087,0.0
F2086,0.0
F2085,0.0
F2084,0.0
F2083,0.0
F2067,0.0
F2081,0.0
F2080,0.0
F2078,0.0
F2073,0.0
F2072,0.0
F2071,0.0
F2070,0.0
F2069,0.0
F2082,0.0
F2587,0.0
F2585,0.0
F2584,0.0
F2580,0.0
F2579,0.0
F2578,0.0
F2577,0.0
F2294,0.0
F2575,0.0
F2572,0.0
F2569,0.0
F2568,0.0
F2566,0.0
F2565,0.0
F2563,0.0
F2562,0.0
F2576,0.0
F2621,0.0
F2619,0.0
F2618,0.0
F2616,0.0
F2615,0.0
F2613,0.0
F2612,0.0
F2588,0.0
F2598,0.0
F2597,0.0
F2596,0.0
F2594,0.0
F2593,0.0
F2592,0.0
F2591,0.0
F2589,0.0
F2610,0.0
F2536,0.0
F2533,0.0
F2532,0.0
F2530,0.0
F2528,0.0
F2526,0.0
F2525,0.0
F2560,0.0
F2523,0.0
F2522,0.0
F2521,0.0
F2519,0.0
F2518,0.0
F2516,0.0
F2515,0.0
F2513,0.0
F2524,0.0
F2559,0.0
F2557,0.0
F2556,0.0
F2554,0.0
F2553,0.0
F2551,0.0
F2550,0.0
F2538,0.0
F2547,0.0
F2546,0.0
F2545,0.0
F2544,0.0
F2542,0.0
F2541,0.0
F2540,0.0
F2539,0.0
F2549,0.0
F2710,0.0
F2698,0.0
F2697,0.0
F2696,0.0
F2695,0.0
F2694,0.0
F2693,0.0
F2622,0.0
F2691,0.0
F2690,0.0
F2689,0.0
F2685,0.0
F2682,0.0
F2680,0.0
F2679,0.0
F2678,0.0
F2692,0.0
F2734,0.0
F2733,0.0
F2731,0.0
F2730,0.0
F2728,0.0
F2727,0.0
F2726,0.0
F2712,0.0
F2723,0.0
F2721,0.0
F2720,0.0
F2719,0.0
F2717,0.0
F2716,0.0
F2715,0.0
F2713,0.0
F2725,0.0
F2650,0.0
F2649,0.0
F2648,0.0
F2646,0.0
F2644,0.0
F2636,0.0
F2634,0.0
F2677,0.0
F2631,0.0
F2630,0.0
F2628,0.0
F2627,0.0
F2626,0.0
F2625,0.0
F2624,0.0
F2623,0.0
F2633,0.0
F2676,0.0
F2675,0.0
F2674,0.0
F2672,0.0
F2671,0.0
F2669,0.0
F2668,0.0
F2666,0.0
F2652,0.0
F2663,0.0
F2662,0.0
F2660,0.0
F2659,0.0
F2657,0.0
F2656,0.0
F2654,0.0
F2653,0.0
F2665,0.0
F2366,0.0
F2364,0.0
F2363,0.0
F2362,0.0
F2361,0.0
F2359,0.0
F2358,0.0
F2512,0.0
F2356,0.0
F2355,0.0
F2354,0.0
F2353,0.0
F2352,0.0
F2351,0.0
F2348,0.0
F2347,0.0
F2357,0.0
F2397,0.0
F2396,0.0
F2395,0.0
F2394,0.0
F2393,0.0
F2392,0.0
F2391,0.0
F2367,0.0
F2379,0.0
F2378,0.0
F2376,0.0
F2375,0.0
F2373,0.0
F2372,0.0
F2370,0.0
F2369,0.0
F2381,0.0
F2321,0.0
F2320,0.0
F2318,0.0
F2317,0.0
F2315,0.0
F2305,0.0
F2304,0.0
F2346,0.0
F2302,0.0
F2301,0.0
F2300,0.0
F2299,0.0
F2298,0.0
F2297,0.0
F2296,0.0
F2295,0.0
F2303,0.0
F2343,0.0
F2341,0.0
F2340,0.0
F2339,0.0
F2338,0.0
F2336,0.0
F2335,0.0
F2323,0.0
F2332,0.0
F2331,0.0
F2330,0.0
F2329,0.0
F2328,0.0
F2327,0.0
F2326,0.0
F2324,0.0
F2333,0.0
F2471,0.0
F2469,0.0
F2468,0.0
F2466,0.0
F2465,0.0
F2463,0.0
F2462,0.0
F2398,0.0
F2459,0.0
F2457,0.0
F2456,0.0
F2454,0.0
F2452,0.0
F2451,0.0
F2449,0.0
F2448,0.0
F2460,0.0
F2510,0.0
F2501,0.0
F2500,0.0
F2499,0.0
F2498,0.0
F2497,0.0
F2496,0.0
F2472,0.0
F2494,0.0
F2493,0.0
F2492,0.0
F2490,0.0
F2487,0.0
F2483,0.0
F2482,0.0
F2475,0.0
F2495,0.0
F2425,0.0
F2424,0.0
F2423,0.0
F2422,0.0
F2421,0.0
F2420,0.0
F2419,0.0
F2447,0.0
F2417,0.0
F2415,0.0
F2414,0.0
F2412,0.0
F2402,0.0
F2401,0.0
F2400,0.0
F2399,0.0
F2418,0.0
F2446,0.0
F2445,0.0
F2443,0.0
F2442,0.0
F2441,0.0
F2440,0.0
F2439,0.0
F2438,0.0
F2426,0.0
F2436,0.0
F2435,0.0
F2433,0.0
F2432,0.0
F2430,0.0
F2429,0.0
F2428,0.0
F2427,0.0
F2437,0.0
F1531,0.0
F1530,0.0
F1529,0.0
F1528,0.0
F1527,0.0
F1526,0.0
F1525,0.0
F1965,0.0
F1523,0.0
F1522,0.0
F1521,0.0
F1520,0.0
F1519,0.0
F1518,0.0
F1517,0.0
F1516,0.0
F1524,0.0
F1550,0.0
F1549,0.0
F1548,0.0
F1547,0.0
F1546,0.0
F1545,0.0
F1544,0.0
F1532,0.0
F1542,0.0
F1541,0.0
F1540,0.0
F1539,0.0
F1538,0.0
F1536,0.0
F1535,0.0
F1534,0.0
F1543,0.0
F1496,0.0
F1495,0.0
F1494,0.0
F1493,0.0
F1492,0.0
F1488,0.0
F1487,0.0
F1515,0.0
F1485,0.0
F1484,0.0
F1483,0.0
F1482,0.0
F1481,0.0
F1480,0.0
F1479,0.0
F1478,0.0
F1486,0.0
F1514,0.0
F1513,0.0
F1512,0.0
F1511,0.0
F1510,0.0
F1509,0.0
F1508,0.0
F1497,0.0
F1506,0.0
F1505,0.0
F1504,0.0
F1503,0.0
F1502,0.0
F1500,0.0
F1499,0.0
F1498,0.0
F1507,0.0
F1613,0.0
F1612,0.0
F1611,0.0
F1610,0.0
F1607,0.0
F1604,0.0
F1601,0.0
F1551,0.0
F1596,0.0
F1595,0.0
F1593,0.0
F1592,0.0
F1591,0.0
F1590,0.0
F1589,0.0
F1588,0.0
F1600,0.0
F1630,0.0
F1629,0.0
F1628,0.0
F1627,0.0
F1626,0.0
F1625,0.0
F1624,0.0
F1614,0.0
F1622,0.0
F1621,0.0
F1620,0.0
F1619,0.0
F1618,0.0
F1617,0.0
F1616,0.0
F1615,0.0
F1623,0.0
F1567,0.0
F1566,0.0
F1565,0.0
F1564,0.0
F1563,0.0
F1562,0.0
F1561,0.0
F1587,0.0
F1559,0.0
F1558,0.0
F1557,0.0
F1556,0.0
F1555,0.0
F1554,0.0
F1553,0.0
F1552,0.0
F1560,0.0
F1586,0.0
F1585,0.0
F1584,0.0
F1583,0.0
F1582,0.0
F1581,0.0
F1580,0.0
F1579,0.0
F1568,0.0
F1577,0.0
F1576,0.0
F1575,0.0
F1574,0.0
F1573,0.0
F1572,0.0
F1571,0.0
F1569,0.0
F1578,0.0
F1385,0.0
F1384,0.0
F1383,0.0
F1382,0.0
F1380,0.0
F1379,0.0
F1378,0.0
F1476,0.0
F1376,0.0
F1375,0.0
F1374,0.0
F1373,0.0
F1372,0.0
F1371,0.0
F1370,0.0
F1369,0.0
F1377,0.0
F1404,0.0
F1403,0.0
F1402,0.0
F1401,0.0
F1400,0.0
F1399,0.0
F1398,0.0
F1386,0.0
F1396,0.0
F1395,0.0
F1394,0.0
F1392,0.0
F1391,0.0
F1390,0.0
F1389,0.0
F1388,0.0
F1397,0.0
F1350,0.0
F1349,0.0
F1348,0.0
F1347,0.0
F1346,0.0
F1345,0.0
F1344,0.0
F1368,0.0
F1342,0.0
F1341,0.0
F1340,0.0
F1339,0.0
F1338,0.0
F1337,0.0
F1336,0.0
F1335,0.0
F1343,0.0
F1367,0.0
F1366,0.0
F1365,0.0
F1364,0.0
F1363,0.0
F1362,0.0
F1361,0.0
F1351,0.0
F1359,0.0
F1358,0.0
F1357,0.0
F1356,0.0
F1355,0.0
F1354,0.0
F1353,0.0
F1352,0.0
F1360,0.0
F1458,0.0
F1457,0.0
F1456,0.0
F1455,0.0
F1454,0.0
F1453,0.0
F1452,0.0
F1405,0.0
F1450,0.0
F1449,0.0
F1448,0.0
F1447,0.0
F1446,0.0
F1445,0.0
F1444,0.0
F1443,0.0
F1451,0.0
F1475,0.0
F1474,0.0
F1473,0.0
F1472,0.0
F1471,0.0
F1470,0.0
F1469,0.0
F1459,0.0
F1467,0.0
F1466,0.0
F1465,0.0
F1464,0.0
F1463,0.0
F1462,0.0
F1461,0.0
F1460,0.0
F1468,0.0
F1421,0.0
F1420,0.0
F1419,0.0
F1418,0.0
F1417,0.0
F1416,0.0
F1415,0.0
F1442,0.0
F1413,0.0
F1412,0.0
F1411,0.0
F1410,0.0
F1409,0.0
F1408,0.0
F1407,0.0
F1406,0.0
F1414,0.0
F1441,0.0
F1440,0.0
F1439,0.0
F1438,0.0
F1437,0.0
F1436,0.0
F1435,0.0
F1434,0.0
F1422,0.0
F1432,0.0
F1430,0.0
F1428,0.0
F1427,0.0
F1426,0.0
F1425,0.0
F1424,0.0
F1423,0.0
F1433,0.0
F1856,0.0
F1855,0.0
F1854,0.0
F1853,0.0
F1852,0.0
F1851,0.0
F1850,0.0
F1631,0.0
F1848,0.0
F1847,0.0
F1846,0.0
F1845,0.0
F1844,0.0
F1843,0.0
F1842,0.0
F1841,0.0
F1849,0.0
F1879,0.0
F1878,0.0
F1877,0.0
F1876,0.0
F1875,0.0
F1874,0.0
F1873,0.0
F1857,0.0
F1871,0.0
F1870,0.0
F1869,0.0
F1868,0.0
F1866,0.0
F1865,0.0
F1864,0.0
F1862,0.0
F1872,0.0
F1809,0.0
F1808,0.0
F1807,0.0
F1806,0.0
F1805,0.0
F1804,0.0
F1803,0.0
F1840,0.0
F1801,0.0
F1800,0.0
F1799,0.0
F1798,0.0
F1797,0.0
F1796,0.0
F1795,0.0
F1794,0.0
F1802,0.0
F1839,0.0
F1838,0.0
F1837,0.0
F1836,0.0
F1835,0.0
F1834,0.0
F1833,0.0
F1811,0.0
F1831,0.0
F1830,0.0
F1829,0.0
F1828,0.0
F1827,0.0
F1826,0.0
F1823,0.0
F1817,0.0
F1832,0.0
F1945,0.0
F1944,0.0
F1943,0.0
F1942,0.0
F1941,0.0
F1940,0.0
F1939,0.0
F1880,0.0
F1937,0.0
F1936,0.0
F1935,0.0
F1934,0.0
F1931,0.0
F1930,0.0
F1918,0.0
F1917,0.0
F1938,0.0
F1964,0.0
F1962,0.0
F1961,0.0
F1959,0.0
F1958,0.0
F1957,0.0
F1956,0.0
F1946,0.0
F1954,0.0
F1953,0.0
F1952,0.0
F1951,0.0
F1950,0.0
F1949,0.0
F1948,0.0
F1947,0.0
F1955,0.0
F1897,0.0
F1896,0.0
F1895,0.0
F1893,0.0
F1892,0.0
F1891,0.0
F1890,0.0
F1916,0.0
F1888,0.0
F1887,0.0
F1886,0.0
F1885,0.0
F1884,0.0
F1883,0.0
F1882,0.0
F1881,0.0
F1889,0.0
F1915,0.0
F1914,0.0
F1913,0.0
F1912,0.0
F1911,0.0
F1910,0.0
F1909,0.0
F1908,0.0
F1898,0.0
F1906,0.0
F1905,0.0
F1904,0.0
F1903,0.0
F1902,0.0
F1901,0.0
F1900,0.0
F1899,0.0
F1907,0.0
F1689,0.0
F1688,0.0
F1687,0.0
F1686,0.0
F1684,0.0
F1683,0.0
F1682,0.0
F1793,0.0
F1680,0.0
F1679,0.0
F1678,0.0
F1677,0.0
F1676,0.0
F1675,0.0
F1674,0.0
F1673,0.0
F1681,0.0
F1714,0.0
F1712,0.0
F1709,0.0
F1704,0.0
F1703,0.0
F1701,0.0
F1700,0.0
F1690,0.0
F1698,0.0
F1697,0.0
F1696,0.0
F1695,0.0
F1694,0.0
F1693,0.0
F1692,0.0
F1691,0.0
F1699,0.0
F1654,0.0
F1653,0.0
F1652,0.0
F1650,0.0
F1649,0.0
F1648,0.0
F1646,0.0
F1672,0.0
F1643,0.0
F1641,0.0
F1638,0.0
F1637,0.0
F1635,0.0
F1634,0.0
F1633,0.0
F1632,0.0
F1645,0.0
F1671,0.0
F1670,0.0
F1669,0.0
F1668,0.0
F1667,0.0
F1666,0.0
F1665,0.0
F1655,0.0
F1663,0.0
F1662,0.0
F1661,0.0
F1660,0.0
F1659,0.0
F1658,0.0
F1657,0.0
F1656,0.0
F1664,0.0
F1775,0.0
F1774,0.0
F1773,0.0
F1772,0.0
F1771,0.0
F1770,0.0
F1769,0.0
F1715,0.0
F1767,0.0
F1766,0.0
F1765,0.0
F1764,0.0
F1763,0.0
F1762,0.0
F1761,0.0
F1760,0.0
F1768,0.0
F1792,0.0
F1791,0.0
F1790,0.0
F1789,0.0
F1788,0.0
F1787,0.0
F1786,0.0
F1776,0.0
F1784,0.0
F1783,0.0
F1782,0.0
F1781,0.0
F1780,0.0
F1779,0.0
F1778,0.0
F1777,0.0
F1785,0.0
F1733,0.0
F1732,0.0
F1731,0.0
F1730,0.0
F1729,0.0
F1728,0.0
F1727,0.0
F1758,0.0
F1725,0.0
F1724,0.0
F1723,0.0
F1722,0.0
F1721,0.0
F1720,0.0
F1718,0.0
F1717,0.0
F1726,0.0
F1757,0.0
F1756,0.0
F1754,0.0
F1751,0.0
F1749,0.0
F1748,0.0
F1747,0.0
F1746,0.0
F1734,0.0
F1742,0.0
F1741,0.0
F1740,0.0
F1739,0.0
F1738,0.0
F1737,0.0
F1736,0.0
F1735,0.0
F1743,0.0
